label,area,eccentricity,yfit
1,9,0.805076485899413,0
2,9,0.805076485899413,0
3,21,0.521640530957301,0
4,152,0.794176156693878,1
5,28,0.487189989227111,0
6,13,0,0
7,13,0,0
8,18,0.397359707119513,0
9,13,0,0
10,39,0.888653896464684,0
11,13,0,0
12,23,0.708664665903118,0
13,13,0,0
14,56,0.589558168296345,1
15,79,0.867754425552094,0
16,13,0,0
17,13,0,0
18,23,0.708664665903118,0
19,26,0.893215503122315,0
20,114,0.925269580196191,0
21,13,0,0
22,35,0.695120339536218,0
23,29,0.634493865244346,0
24,13,0,0
25,23,0.708664665903118,0
26,30,0.805220690618998,0
27,29,0.660084510099352,0
28,13,0,0
29,13,0,0
30,13,0,0
31,47,0.924694661980733,0
32,13,0,0
33,54,0.896485716088487,0
34,27,0.848666014693615,0
35,13,0,0
36,78,0.97563896007302,0
37,39,0.762631157234065,0
38,24,0.672497203155418,0
39,13,0,0
40,18,0.397359707119513,0
41,26,0.786595994835162,0
42,13,0,0
43,68,0.939194821227179,0
44,18,0.397359707119513,0
45,56,0.911549371372279,0
46,49,0.906154389892438,0
47,13,0,0
48,40,0.914213126985768,0
49,21,0.521640530957301,0
50,31,0.779893136858478,0
51,42,0.678396985336337,0
52,13,0,0
53,13,0,0
54,41,0.874016326170265,0
55,67,0.912357843867256,0
56,13,0,0
57,28,0.834253758429656,0
58,13,0,0
59,73,0.978507637995623,0
60,13,0,0
61,13,0,0
62,227,0.96454108358855,0
63,634,0.528066395378869,1
64,102,0.954742818093137,0
65,45,0.830163397325537,0
66,33,0.730402514467337,0
67,48,0.945978484395343,0
68,29,0.846242109799396,0
69,78,0.928626367760693,0
70,525,0.879654936465666,1
71,21652,0.974239901449783,0
72,126,0.938186067508986,0
73,34,0.801778583793528,0
74,13,0,0
75,13,0,0
76,31,0.641445886419962,0
77,377,0.991477925683344,0
78,23,0.708664665903118,0
79,45,0.594349786986752,0
80,13,0,0
81,29,0.630206950268416,0
82,41,0.761795719828293,0
83,13,0,0
84,75,0.936031905675243,0
85,1019,0.979524857486295,0
86,2268,0.998099104876299,0
87,42,0.735396465881107,0
88,53,0.895606087802992,0
89,47,0.820074752938527,0
90,86,0.781781667420345,0
91,18,0.707106781186548,0
92,23,0.588348405414552,0
93,72,0.854902343368215,0
94,135,0.9479646114369,0
95,255,0.937003302584265,1
96,1267,0.998062696998613,0
97,121,0.789758112708838,1
98,45,0.645008796045697,0
99,1180,0.983475727556303,0
100,13,0,0
101,68,0.781055056557137,0
102,35,0.718680225144469,0
103,99,0.89048536589414,0
104,26,0.764238219351265,0
105,49,0.866674308874746,0
106,23,0.588348405414552,0
107,13,0,0
108,13,0,0
109,24,0.424603887804223,0
110,46,0.905805722994406,0
111,88,0.912853797129108,0
112,23,0.588348405414552,0
113,166,0.754248719160564,1
114,191,0.837837915049829,1
115,13,0,0
116,59,0.896514860802523,0
117,41,0.826184864838349,0
118,186,0.985270638171672,0
119,164,0.561377237087396,1
120,13,0,0
121,179,0.913406046012278,1
122,13,0,0
123,18,0.707106781186548,0
124,48,0.935163787313832,0
125,303,0.678970657707671,1
126,13,0,0
127,24,0.672497203155418,0
128,149,0.403076085529865,1
129,30,0.552397372498148,0
130,586,0.970678098061089,1
131,160,0.601858720413221,1
132,52,0.836991097286698,0
133,42,0.825768247691239,0
134,76,0.901846514754204,0
135,13,0,0
136,626,0.901710607848322,1
137,84,0.79080986777497,0
138,13,0,0
139,123,0.633103398247107,1
140,18,0.397359707119513,0
141,13,0,0
142,195,0.126247517849647,1
143,119,0.569978617997362,1
144,244,0.982376340523746,0
145,34,0.557530539076617,0
146,1360,0.977559879489877,0
147,18,0.397359707119513,0
148,33,0.847876745602404,0
149,450,0.908881812881958,1
150,272,0.570940278387938,1
151,13,0,0
152,13,0,0
153,250,0.783616902114921,1
154,45,0.437878859818041,0
155,174,0.95069959888743,0
156,28,0.74287866670403,0
157,343,0.945691291902501,1
158,221,0.936862128926483,1
159,140,0.88634302800075,1
160,256,0.889891773729501,1
161,13,0,0
162,61,0.825473813886523,0
163,169,0.809683114998864,1
164,18,0.397359707119513,0
165,144,0.459440304127066,1
166,472,0.915371813865097,1
167,700,0.795884732510643,1
168,42,0.664787559719583,0
169,211,0.484837624619648,1
170,29,0.716353066215517,0
171,165,0.898329738358225,1
172,44,0.854255937326072,0
173,73,0.927571968399193,0
174,60,0.655739631582829,0
175,257,0.858155579207101,1
176,91,0.881524995847748,0
177,951,0.617736763790732,1
178,18,0.397359707119513,0
179,157,0.654797584529149,1
180,35,0.485633066887612,0
181,18,0.707106781186548,0
182,13,0,0
183,1086,0.985247725174375,0
184,21,0.521640530957301,0
185,53,0.505578222672468,1
186,70,0.725804281734908,0
187,34,0.891521637433597,0
188,13,0,0
189,579,0.80652491524506,1
190,27,0.709139162812026,0
191,1021,0.882043264135723,1
192,46,0.819794618039863,0
193,131,0.319156423021544,1
194,275,0.879136640356202,1
195,33,0.726876746529108,0
196,397,0.818236647118998,1
197,13,0,0
198,296,0.720840867370624,1
199,21,0.521640530957301,0
200,129,0.944927021890059,0
201,18,0.397359707119513,0
202,59,0.495461193425743,1
203,183,0.480839797522765,1
204,438,0.97216419617838,1
205,271,0.994757984038772,0
206,155,0.963322774646516,0
207,67,0.87165903467818,0
208,18,0.397359707119513,0
209,566,0.915746666703335,1
210,275,0.360417822057038,1
211,87,0.755056261406086,0
212,31,0.90083880021707,0
213,132,0.368457048204395,1
214,71,0.780095098337869,0
215,30,0.632455532033676,0
216,84,0.622646452649596,1
217,26,0.764238219351265,0
218,13,0,0
219,585,0.347517775221899,1
220,121,0.853948694935685,0
221,18,0.397359707119513,0
222,59,0.86794558918192,0
223,33,0.925820099772552,0
224,128,0.334682997561038,1
225,177,0.520120223390919,1
226,148,0.374520709052288,1
227,21,0.521640530957301,0
228,21,0.521640530957301,0
229,335,0.941339683192195,1
230,100,0.456745045498857,1
231,933,0.606995348757218,1
232,154,0.981797775994322,0
233,432,0.385799423759675,1
234,102,0.469301982407744,1
235,181,0.503595596262244,1
236,200,0.284482963802428,1
237,111,0.623848031622993,1
238,346,0.88276449957442,1
239,492,0.957037583640648,1
240,553,0.821754290198779,1
241,75,0.643298624612484,1
242,110,0.169950532349857,1
243,233,0.607551137228991,1
244,41,0.590135484798503,0
245,194,0.864869327627759,1
246,110,0.425891122443181,1
247,465,0.291285230357481,1
248,72,0.849858090328694,0
249,18,0.397359707119513,0
250,24,0.84079161251511,0
251,241,0.880117427410226,1
252,140,0.730404519624308,1
253,141,0.548667897087806,1
254,176,0.813228021802607,1
255,135,0.357325578076142,1
256,133,0.758721258232698,1
257,963,0.688330172548239,1
258,322,0.916929902629421,1
259,151,0.403839585470321,1
260,13,0,0
261,23,0.708664665903118,0
262,15445,0.979948576349192,0
263,168,0.861524944532042,1
264,249,0.784982751931387,1
265,42,0.830765816690911,0
266,214,0.847746535494279,1
267,74,0.715067081232978,0
268,274,0.477118347516416,1
269,243,0.312605210252658,1
270,280,0.728023289170495,1
271,134,0.863102910443515,0
272,18,0.397359707119513,0
273,72,0.48918384687253,1
274,740,0.342360454067152,1
275,640,0.974633500298622,1
276,393,0.872481592295227,1
277,166,0.862046092812888,1
278,78,0.448450568613965,1
279,69,0.412283583893735,1
280,747,0.579919077439243,1
281,98,0.583373333566747,1
282,270,0.848755405210142,1
283,174,0.430527298247639,1
284,24,0.672497203155418,0
285,318,0.988629208248549,0
286,196,0.943359928649152,0
287,18,0.707106781186548,0
288,78,0.39674651598948,1
289,13,0,0
290,326,0.77520775246186,1
291,78,0.509770524901966,1
292,178,0.598763907287219,1
293,52,0.921172857974711,0
294,172,0.734395888493222,1
295,129,0.481836221810378,1
296,626,0.30170208711742,1
297,817,0.434596856036708,1
298,259,0.749033789044085,1
299,403,0.834023183661964,1
300,66,0.53507677535396,1
301,13,0,0
302,18,0.397359707119513,0
303,326,0.806577690739558,1
304,52,0.495557726070808,1
305,247,0.814114428956305,1
306,118,0.385078201096364,1
307,72,0.387462274957579,1
308,271,0.87331769837838,1
309,40,0.566018956652527,0
310,24,0.424603887804223,0
311,631,0.88942283949225,1
312,27,0.75030857849485,0
313,40,0.420970577147465,0
314,460,0.874056578025256,1
315,119,0.847428823178152,0
316,134,0.887732322630873,0
317,153,0.800415734279468,1
318,13,0,0
319,145,0.46477364955883,1
320,898,0.862384949094761,1
321,56,0.802601068444743,0
322,54,0.901032565901684,0
323,712,0.339806384650429,1
324,70,0.382097158228401,1
325,114,0.561490425023194,1
326,302,0.696325392614952,1
327,88,0.75688103881474,0
328,81,0.593391032601715,1
329,133,0.535359044427949,1
330,26,0.866666666666667,0
331,206,0.913602913155457,1
332,13,0,0
333,121,0.710871362955811,1
334,154,0.400042316640216,1
335,21,0.521640530957301,0
336,182,0.873261366954649,1
337,823,0.784058965903561,1
338,376,0.732342852277368,1
339,203,0.662407830770545,1
340,275,0.890291515833962,1
341,185,0.669290999736713,1
342,72,0.572980796448148,1
343,132,0.314734970626026,1
344,628,0.911913334638731,1
345,740,0.519129652263657,1
346,344,0.988287153312679,0
347,71,0.186243914299949,1
348,90,0.928276883635508,0
349,13,0,0
350,47,0.721686833150142,0
351,59,0.758144171129326,0
352,157,0.642755991197998,1
353,33,0.73985390745478,0
354,50,0.502671153774797,1
355,217,0.948979212815699,0
356,102,0.874897131929711,0
357,179,0.869524017282986,1
358,102,0.392614008172771,1
359,811,0.842077430533295,1
360,114,0.542070196907427,1
361,508,0.570492998504439,1
362,260,0.902720855094855,1
363,130,0.801660722326719,0
364,425,0.801435965091136,1
365,94,0.454335482132765,1
366,71,0.563897463274739,1
367,85,0.64352260487368,1
368,146,0.235010368095953,1
369,121,0.220850878802296,1
370,32,0.301511344577764,1
371,785,0.57290233308257,1
372,244,0.699763868455556,1
373,747,0.702796999206735,1
374,667,0.543738262804673,1
375,210,0.762869575606127,1
376,177,0.726022170974669,1
377,276,0.956537682574489,0
378,141,0.885782060844109,1
379,136,0.530159654224255,1
380,65,0.315450438431598,1
381,13,0,0
382,107,0.416960453969336,1
383,1192,0.841682338025048,1
384,83,0.784964027495796,0
385,79,0.636834317815539,1
386,70,0.469893474052837,1
387,13,0,0
388,405,0.978598720866673,0
389,101,0.526569427228899,1
390,82,0.620056961511597,1
391,83,0.390718626590193,1
392,424,0.781583583142744,1
393,81,0.983696981567075,0
394,23,0.836660026534076,0
395,170,0.794672518534989,1
396,99,0.66510978863071,1
397,222,0.540012365908444,1
398,294,0.777830386093078,1
399,109,0.768713248441337,1
400,193,0.80455106599469,1
401,47,0.347718972208786,1
402,59,0.220415350908058,1
403,184,0.78305149782227,1
404,59,0.804222089848186,0
405,55,0.586058436716945,1
406,143,0.601661816727136,1
407,117,0.740008475029549,1
408,264,0.541676876128228,1
409,18,0.707106781186548,0
410,86,0.634553593964461,1
411,161,0.714361715708697,1
412,402,0.987747575029275,0
413,52,0.679638971654384,0
414,360,0.812206531386762,1
415,92,0.807012375012861,0
416,13,0,0
417,142,0.563960423677658,1
418,167,0.301198744609691,1
419,105,0.907557355611075,0
420,249,0.905173744443732,1
421,96,0.393915317070551,1
422,224,0.95398063865001,0
423,13,0,0
424,803,0.871829558320222,1
425,144,0.278397778375223,1
426,290,0.62283212101211,1
427,32,0.632455532033676,0
428,221,0.709092586018963,1
429,26,0.786595994835162,0
430,493,0.903851530071841,1
431,196,0.479868328093821,1
432,286,0.885805243139657,1
433,146,0.391303747930617,1
434,13,0,0
435,44,0.766974440447621,0
436,28,0.487189989227111,0
437,13,0,0
438,165,0.736443696843839,1
439,85,0.588144223193262,1
440,74,0.409020356623059,1
441,114,0.747762501819826,1
442,132,0.407976085552666,1
443,52,0.569551167162034,1
444,13,0,0
445,454,0.967369276911442,1
446,612,0.998192373946345,0
447,13,0,0
448,96,0.418477823933897,1
449,340,0.872168601644263,1
450,180,0.648923638269175,1
451,139,0.594079461770315,1
452,862,0.806552216357184,1
453,87,0.576497768200714,1
454,701,0.401640806967974,1
455,165,0.542228207784042,1
456,382,0.954880758657783,1
457,744,0.255754130185588,1
458,377,0.950257973696666,1
459,149,0.610812120211616,1
460,42,0.701790046743491,0
461,202,0.279439019484014,1
462,228,0.98076895113918,0
463,143,0.231108108155111,1
464,201,0.213246138896163,1
465,13,0,0
466,82,0.652084288327704,1
467,18,0.707106781186548,0
468,116,0.409176214304305,1
469,51,0.66219784251635,0
470,204,0.714516278429197,1
471,124,0.486823728755079,1
472,178,0.99319037872715,0
473,256,0.808687466842561,1
474,127,0.506310742630192,1
475,44,0.538333344502075,1
476,115,0.418332981771785,1
477,539,0.356243904991365,1
478,71,0.772014468677189,0
479,216,0.514678678155252,1
480,194,0.413032153963296,1
481,18,0.397359707119513,0
482,51,0.85629908900738,0
483,193,0.616145057968301,1
484,252,0.89294878940743,1
485,189,0.569917649160285,1
486,179,0.852354267315555,1
487,393,0.581787129356745,1
488,222,0.493960677225513,1
489,51,0.66864969332122,0
490,97,0.595055755780777,1
491,109,0.349853825199398,1
492,292,0.958500393763681,1
493,87,0.947325698963207,0
494,60,0.544319826246796,1
495,47,0.835477549275502,0
496,209,0.345179506144551,1
497,745,0.428895786289628,1
498,18,0.397359707119513,0
499,210,0.724721865996945,1
500,785,0.430936140097796,1
501,41,0.505381094473454,0
502,62,0.473319259690206,1
503,295,0.920358495741839,1
504,69,0.95024238964384,0
505,18,0.397359707119513,0
506,69,0.532711995055807,1
507,119,0.578488346989774,1
508,88,0.932186258252382,0
509,292,0.78861711928455,1
510,107,0.31686413618736,1
511,224,0.791494095698737,1
512,195,0.806665566160777,1
513,63,0.5819787710922,1
514,59,0.568614727330198,1
515,355,0.886645832440058,1
516,687,0.997875183136027,0
517,661,0.530625431639981,1
518,170,0.635667665105245,1
519,97,0.532750881711694,1
520,179,0.380356085788075,1
521,98,0.536909142953346,1
522,128,0.732889510368793,1
523,159,0.805071985281856,1
524,527,0.968654507631163,1
525,766,0.513152908506338,1
526,109,0.776902020285792,1
527,116,0.40635187712892,1
528,219,0.715352416217702,1
529,86,0.115885347181819,1
530,106,0.533381205560169,1
531,18,0.397359707119513,0
532,79,0.685322673349785,0
533,66,0.550776689988807,1
534,282,0.418950705575728,1
535,387,0.85313444116673,1
536,100,0.552066432137472,1
537,13,0,0
538,252,0.515446054410676,1
539,69,0.565783977051081,1
540,44,0.830225155304427,0
541,785,0.746242822158209,1
542,130,0.355104298381225,1
543,233,0.750381376927726,1
544,149,0.44513469632441,1
545,55,0.950376233287766,0
546,122,0.673238001202056,1
547,227,0.894574743183357,1
548,320,0.762876298720481,1
549,276,0.374986792416148,1
550,18,0.707106781186548,0
551,13,0,0
552,762,0.59875155641032,1
553,348,0.89218841260555,1
554,99,0.520400346163996,1
555,135,0.56838171745537,1
556,162,0.8873328540153,1
557,13,0,0
558,114,0.237168295170925,1
559,43,0.93513177807567,0
560,99,0.514986561057068,1
561,303,0.668829891841006,1
562,27,0.535500946383287,0
563,117,0.839410159090703,0
564,238,0.492415866454972,1
565,442,0.840481894120679,1
566,90,0.794953719424998,0
567,193,0.861235076574769,1
568,31,0.707107530999818,0
569,28,0.74287866670403,0
570,236,0.492482531788042,1
571,136,0.606712570388788,1
572,196,0.7787111751122,1
573,107,0.512202300762471,1
574,377,0.883183055472272,1
575,199,0.338304171458081,1
576,24,0.789729409405516,0
577,151,0.583606972286629,1
578,49,0.814148434869038,0
579,79,0.487084212946073,1
580,84,0.900815656192728,0
581,43,0.928644900655819,0
582,138,0.54398288594745,1
583,26,0.571813892191965,0
584,180,0.828475947829093,1
585,185,0.687620644298249,1
586,114,0.407024244167147,1
587,272,0.912813538781091,1
588,117,0.693391869882472,1
589,139,0.311281752007744,1
590,411,0.994325805090445,0
591,123,0.422629889939127,1
592,13,0,0
593,83,0.11255378791244,1
594,142,0.349440564746582,1
595,97,0.595998270829471,1
596,13,0,0
597,71,0.443674865763394,1
598,145,0.700381640757216,1
599,13,0,0
600,447,0.562707803025197,1
601,121,0.569527056270234,1
602,110,0.332145404147536,1
603,112,0.646654298267701,1
604,405,0.832224494921051,1
605,64,0.480309114043095,1
606,193,0.232073377124214,1
607,132,0.330477982365857,1
608,121,0.72844028125221,1
609,91,0.362609841386668,1
610,334,0.619665645061872,1
611,131,0.419704787846502,1
612,33,0.467942778769622,0
613,402,0.533081721414043,1
614,238,0.575697025328997,1
615,276,0.924567371021284,1
616,86,0.43156099905005,1
617,175,0.56693212986996,1
618,13,0,0
619,69,0.796870058479021,0
620,281,0.87940965932891,1
621,72,0.253455050294594,1
622,112,0.603853921577533,1
623,13,0,0
624,163,0.387722553435639,1
625,144,0.581746748091984,1
626,313,0.892775948567,1
627,106,0.579343390897866,1
628,18,0.397359707119513,0
629,107,0.644756915638867,1
630,127,0.343214474452313,1
631,270,0.816268149830989,1
632,44,0.819391563738995,0
633,87,0.612957141646403,1
634,68,0.545813799587345,1
635,61,0.5914556925315,1
636,112,0.599237068901608,1
637,110,0.77947196310695,1
638,402,0.558113099769596,1
639,491,0.99149779222137,0
640,228,0.761483257105964,1
641,44,0.6450136685509,0
642,337,0.930465171850692,1
643,72,0.596925519083142,1
644,18,0.397359707119513,0
645,65,0.59548323644961,1
646,359,0.642353216129589,1
647,77,0.936869409054098,0
648,383,0.778668930431688,1
649,121,0.341888783269982,1
650,220,0.487466062105796,1
651,18,0.397359707119513,0
652,13,0,0
653,355,0.840495864760753,1
654,338,0.777878714787627,1
655,76,0.943207898962629,0
656,110,0.80131655549739,0
657,69,0.478169901186214,1
658,918,0.682401823726953,1
659,118,0.600568491931977,1
660,224,0.868459023686225,1
661,211,0.716763770085504,1
662,1111,0.764042223292975,1
663,1400,0.85330930027106,1
664,21,0.521640530957301,0
665,234,0.810420666563331,1
666,408,0.573339238164885,1
667,31,0.699317257434531,0
668,63,0.947730271714769,0
669,748,0.229668660236712,1
670,764,0.16291789459661,1
671,473,0.696244799445205,1
672,790,0.227043297980926,1
673,32,0.649744058223897,0
674,291,0.860146754505987,1
675,205,0.905336588454728,1
676,133,0.389123342859914,1
677,430,0.854793651821683,1
678,42,0.452335070136219,0
679,21,0.521640530957301,0
680,106,0.286306097206971,1
681,153,0.775826760388665,1
682,173,0.528403473735682,1
683,34,0.87226853210291,0
684,220,0.587059533319177,1
685,197,0.885352453542203,1
686,72,0.441564897034675,1
687,109,0.425768307262069,1
688,23,0.588348405414552,0
689,18,0.707106781186548,0
690,295,0.756952015718157,1
691,18,0.397359707119513,0
692,162,0.677022998345122,1
693,202,0.933330912694404,1
694,188,0.891593313961884,1
695,203,0.831821291225466,1
696,73,0.493917790608862,1
697,18,0.397359707119513,0
698,249,0.934212462264813,1
699,317,0.626451531689234,1
700,327,0.765363499676681,1
701,108,0.378803937745648,1
702,68,0.758763530401592,0
703,803,0.193911470382207,1
704,33,0.752036618321653,0
705,54,0.46539246903769,0
706,61,0.638455503678194,1
707,148,0.668563484263109,1
708,61,0.668447676397691,0
709,156,0.452907462583845,1
710,245,0.754168035444846,1
711,134,0.502850905233717,1
712,13,0,0
713,780,0.262707770276469,1
714,56,0.725378512287686,0
715,731,0.484193193057527,1
716,23,0.588348405414552,0
717,40,0.93341529979276,0
718,119,0.509710772582377,1
719,202,0.58377377723876,1
720,106,0.657740971852423,1
721,135,0.494744741027593,1
722,13,0,0
723,127,0.5406748474848,1
724,256,0.98900326340859,0
725,129,0.60145897360163,1
726,231,0.873211318358731,1
727,91,0.552345334989216,1
728,57,0.554432017919346,1
729,13,0,0
730,701,0.406263522518759,1
731,13,0,0
732,13,0,0
733,127,0.271630538906263,1
734,409,0.914806251814204,1
735,115,0.404380976637811,1
736,99,0.449809589187859,1
737,190,0.836294572096858,1
738,241,0.578758231618616,1
739,730,0.485015145116955,1
740,119,0.983088311141668,0
741,165,0.719310445906284,1
742,162,0.405962104746813,1
743,168,0.338780883230792,1
744,111,0.528050721297599,1
745,248,0.858883353438876,1
746,41,0.612217664277256,0
747,169,0.643944337793961,1
748,101,0.383417502921692,1
749,88,0.464578770979435,1
750,178,0.920861135810019,1
751,126,0.187728759235835,1
752,792,0.607245006563074,1
753,87,0.582073088487556,1
754,151,0.945185717396864,0
755,259,0.968227162413821,0
756,666,0.490828343376667,1
757,28,0.894427190999916,0
758,127,0.630061156003595,1
759,417,0.903245394874616,1
760,281,0.912083549467178,1
761,7763,0.99481775992002,0
762,60,0.825253099940125,0
763,166,0.633783932521063,1
764,368,0.78040749186465,1
765,31,0.820049417480794,0
766,153,0.522440835698577,1
767,24,0.672497203155418,0
768,186,0.422803558915916,1
769,13,0,0
770,74,0.316847057193489,1
771,47,0.803969936868746,0
772,86,0.390194788054457,1
773,213,0.765891997624007,1
774,113,0.791924674505681,0
775,126,0.566269352645431,1
776,204,0.964221148069752,0
777,89,0.46661635332604,1
778,27,0.528109445257467,0
779,200,0.902393347018559,1
780,787,0.488787232189423,1
781,54,0.948991638334981,0
782,258,0.762637744412741,1
783,836,0.384908095194888,1
784,74,0.436370310045475,1
785,189,0.450226652154731,1
786,233,0.435410948086496,1
787,278,0.851973576752555,1
788,13,0,0
789,85,0.67746736705083,1
790,269,0.775246433995051,1
791,26,0.605011574994585,0
792,53,0.621052894092717,0
793,587,0.925055608243414,1
794,60,0.616267974973113,1
795,489,0.944986981825994,1
796,18,0.397359707119513,0
797,302,0.989595918574116,0
798,235,0.628739076946946,1
799,138,0.944708728668364,0
800,98,0.359582252110461,1
801,474,0.39101159953844,1
802,41,0.728592860676958,0
803,92,0.466996160843541,1
804,76,0.647352805041027,1
805,41,0.817825464084152,0
806,92,0.708380707263113,0
807,319,0.803958276672245,1
808,90,0.456269037231258,1
809,424,0.947858478687465,1
810,69,0.514803356534983,1
811,37,0.895109647539481,0
812,162,0.961361408155756,0
813,92,0.723734124355474,0
814,115,0.714611379484508,1
815,48,0.580934188355735,0
816,120,0.558815009458563,1
817,300,0.602143762290018,1
818,18,0.397359707119513,0
819,152,0.443869782725097,1
820,268,0.502257422036338,1
821,72,0.901569346794439,0
822,67,0.489393714477848,1
823,293,0.764988869874799,1
824,32,0.301511344577764,1
825,146,0.675847645941171,1
826,121,0.389948142874184,1
827,185,0.513793784217724,1
828,146,0.310463058780715,1
829,61,0.51401691816337,1
830,155,0.546922769056129,1
831,141,0.468015390746809,1
832,35,0.717531522059146,0
833,13,0,0
834,213,0.552341118445663,1
835,1091,0.92014809707639,1
836,66,0.557174164705957,1
837,27,0.528109445257467,0
838,124,0.275285866337375,1
839,727,0.313077444325992,1
840,67,0.424223869919942,1
841,77,0.875136645519893,0
842,82,0.454733471911118,1
843,127,0.915227581720152,0
844,188,0.165052792101473,1
845,76,0.66641643036179,1
846,485,0.85573918913959,1
847,145,0.422267628029801,1
848,169,0.522610140093809,1
849,81,0.929838551029084,0
850,226,0.807584387270235,1
851,330,0.702261141994563,1
852,78,0.509780699018705,1
853,135,0.777684978318163,1
854,126,0.792131131916469,1
855,252,0.852652828301102,1
856,887,0.572253712727151,1
857,75,0.475680830885658,1
858,64,0.311703934520457,1
859,112,0.965156498664677,0
860,417,0.913275646774093,1
861,236,0.780443681023499,1
862,130,0.373336048812913,1
863,36,0.845798345451796,0
864,771,0.443728603170747,1
865,69,0.793580671756553,0
866,96,0.342102093774084,1
867,122,0.22821465288592,1
868,44,0.867932315621196,0
869,105,0.545868722770239,1
870,117,0.216832813954832,1
871,150,0.58757680075881,1
872,215,0.177942363681997,1
873,13,0,0
874,131,0.580604204711611,1
875,227,0.986920142144524,0
876,231,0.882554312023618,1
877,70,0.89238829795299,0
878,126,0.702300093348303,1
879,103,0.591399099289238,1
880,90,0.621008581550958,1
881,145,0.461006331224182,1
882,91,0.631677412822591,1
883,18,0.397359707119513,0
884,101,0.586260423247479,1
885,118,0.456268375131227,1
886,21,0.521640530957301,0
887,80,0.886751286210706,0
888,224,0.79814269985217,1
889,184,0.288169351533968,1
890,39,0.591446103506685,0
891,76,0.620521802047964,1
892,356,0.865436865839696,1
893,172,0.964398608725253,0
894,68,0.74710674901206,0
895,93,0.348415420568821,1
896,13,0,0
897,366,0.910579130491926,1
898,97,0.890991669525388,0
899,122,0.504015200339386,1
900,227,0.644965752918961,1
901,18,0.707106781186548,0
902,83,0.714476772884767,0
903,1033,0.675980867814942,1
904,122,0.415995779851122,1
905,42,0.814380681368982,0
906,70,0.363847620187179,1
907,175,0.633104525893119,1
908,28,0.724356985168239,0
909,106,0.571085021358416,1
910,109,0.896886568607636,0
911,318,0.997904700698851,0
912,206,0.898259568999152,1
913,52,0.466450718226101,0
914,59,0.369334832074751,1
915,915,0.27570182083867,1
916,46,0.572509539129162,0
917,140,0.383879776329343,1
918,226,0.684918277331797,1
919,87,0.619779186660172,1
920,163,0.474028789040385,1
921,141,0.243285848074098,1
922,64,0.174205794391676,1
923,256,0.821332774976837,1
924,192,0.76418220650626,1
925,314,0.900027006240238,1
926,327,0.584172660944391,1
927,47,0.536062787182811,1
928,227,0.906660039005296,1
929,101,0.466917103204188,1
930,238,0.74747649779847,1
931,234,0.827753153383726,1
932,368,0.444387740730604,1
933,80,0.692248735613677,0
934,550,0.930242078700439,1
935,106,0.653711995118057,1
936,268,0.778072021812978,1
937,13,0,0
938,77,0.601900465866953,1
939,97,0.755467272630622,1
940,92,0.974414485477348,0
941,60,0.74031928307165,0
942,18,0.397359707119513,0
943,355,0.925210507192216,1
944,723,0.386724009397953,1
945,103,0.692075766298801,1
946,1147,0.861814386870202,1
947,63,0.74157702710076,0
948,74,0.684948974010688,0
949,150,0.659564019732635,1
950,154,0.807525062232526,1
951,236,0.929927679420137,1
952,13,0,0
953,137,0.734117288164268,1
954,52,0.771313498067201,0
955,48,0.934682441541849,0
956,196,0.580461794025846,1
957,98,0.418205099284101,1
958,111,0.75033827238458,1
959,145,0.53207448974865,1
960,90,0.66951641840809,1
961,18,0.397359707119513,0
962,68,0.893463034342539,0
963,150,0.909041914441978,0
964,227,0.89797926419616,1
965,282,0.876588684342929,1
966,13,0,0
967,289,0.666726057652875,1
968,73,0.654188863897383,1
969,21,0.521640530957301,0
970,91,0.32987391151044,1
971,155,0.25700553301901,1
972,134,0.580678305130562,1
973,177,0.901545643364809,1
974,443,0.882581440647361,1
975,168,0.33175709311507,1
976,41,0.922822149007374,0
977,225,0.83884438097238,1
978,35,0.648957873812304,0
979,87,0.318382800427862,1
980,197,0.834523684819754,1
981,119,0.964074762791966,0
982,123,0.506192852154367,1
983,292,0.771003167079358,1
984,53,0.867674496139904,0
985,64,0.595742033294725,1
986,70,0.5134447341035,1
987,30,0.654446456199678,0
988,167,0.444823240752173,1
989,37,0.849836585598797,0
990,30,0.805220690618998,0
991,65,0.864027727451157,0
992,92,0.632672872083029,1
993,124,0.832012424302692,0
994,110,0.63737516926918,1
995,300,0.445953901672197,1
996,45,0.599490055389805,0
997,63,0.587398965954347,1
998,109,0.47690669056907,1
999,43,0.881674031817615,0
1000,57,0.711126140343005,0
1001,18,0.397359707119513,0
1002,137,0.499788664237043,1
1003,13,0,0
1004,195,0.42695625521448,1
1005,167,0.320363918158939,1
1006,30,0.805220690618998,0
1007,77,0.679293988777723,0
1008,757,0.395224205464882,1
1009,27,0.848666014693615,0
1010,73,0.598283793714576,1
1011,148,0.701082283715993,1
1012,38,0.890803989230772,0
1013,844,0.366512395778912,1
1014,182,0.865745656325363,1
1015,104,0.397995059362176,1
1016,58,0.673266715532638,0
1017,13,0,0
1018,329,0.931774393708209,1
1019,197,0.594372086385015,1
1020,50,0.728975061184667,0
1021,183,0.457244966364639,1
1022,201,0.90380240947025,1
1023,80,0.561178099958836,1
1024,166,0.954481406194111,0
1025,73,0.612366283232442,1
1026,56,0.661918522653178,0
1027,91,0.856662299824338,0
1028,165,0.379370759599783,1
1029,38,0.441911202703648,0
1030,54,0.898078605031231,0
1031,118,0.676057925063636,1
1032,13,0,0
1033,74,0.500474679287326,1
1034,721,0.316839728943721,1
1035,193,0.83246735603356,1
1036,121,0.405239779972155,1
1037,221,0.855939530013209,1
1038,23,0.836660026534076,0
1039,106,0.948107854196489,0
1040,91,0.429626979480134,1
1041,310,0.571302331552274,1
1042,102,0.443751589566057,1
1043,170,0.788136563281145,1
1044,62,0.938806123674574,0
1045,152,0.88559605645708,1
1046,220,0.817616652607787,1
1047,64,0.566990736783412,1
1048,57,0.855216476479932,0
1049,23,0.836660026534076,0
1050,755,0.361786781787281,1
1051,153,0.804884503837182,1
1052,167,0.658345771888719,1
1053,138,0.941236118848477,0
1054,27,0.848666014693615,0
1055,312,0.770404261114801,1
1056,85,0.938830765319644,0
1057,76,0.364024312814559,1
1058,100,0.419686646504704,1
1059,81,0.537864954659578,1
1060,13,0,0
1061,38,0.774596669241483,0
1062,141,0.363868170271164,1
1063,24,0.672497203155418,0
1064,13,0,0
1065,18,0.707106781186548,0
1066,164,0.610257570441545,1
1067,332,0.701955038048739,1
1068,172,0.988451794558061,0
1069,109,0.43128031854805,1
1070,438,0.664918303476416,1
1071,33,0.758847129203196,0
1072,139,0.517671846576916,1
1073,762,0.493730438347317,1
1074,114,0.350778792669266,1
1075,66,0.531518330885542,1
1076,246,0.313235310972319,1
1077,94,0.916571122380529,0
1078,107,0.659908916829667,1
1079,1212,0.866488683673004,1
1080,275,0.897742996826104,1
1081,32,0.754807861411008,0
1082,103,0.816592029372423,0
1083,743,0.629679425302113,1
1084,75,0.645461531507501,1
1085,188,0.968278030353216,0
1086,104,0.865448269214278,0
1087,333,0.923987648591787,1
1088,82,0.616439847548079,1
1089,224,0.874369626440726,1
1090,199,0.403837032708921,1
1091,93,0.917149284326423,0
1092,189,0.679211744064487,1
1093,943,0.819323887394111,1
1094,310,0.664409116727396,1
1095,557,0.737793425984925,1
1096,200,0.354932028325484,1
1097,69,0.424867254085229,1
1098,92,0.96397471301694,0
1099,103,0.567172001178931,1
1100,212,0.665246471080803,1
1101,181,0.980084899745516,0
1102,32,0.821141419493909,0
1103,18,0.397359707119513,0
1104,30,0.654446456199678,0
1105,248,0.671706463569182,1
1106,995,0.660223472068977,1
1107,111,0.331417568034792,1
1108,283,0.749281837616756,1
1109,97,0.804107916251816,0
1110,139,0.638199068694318,1
1111,30,0.652963149387687,0
1112,69,0.637072469570044,1
1113,135,0.497612404847461,1
1114,296,0.476233415119789,1
1115,309,0.763149210504018,1
1116,363,0.965506260054486,1
1117,154,0.583011608722048,1
1118,70,0.935740292542608,0
1119,249,0.859392818252073,1
1120,18,0.397359707119513,0
1121,123,0.908512305351787,0
1122,92,0.755675158132483,0
1123,100,0.891212772701254,0
1124,253,0.900862452687171,1
1125,102,0.553695967899061,1
1126,79,0.839168853403501,0
1127,1449,0.998320795308411,0
1128,68,0.431927761506766,1
1129,65,0.656745714990728,1
1130,47,0.697274183362954,0
1131,200,0.895010254758999,1
1132,753,0.182138201989293,1
1133,134,0.555834740301686,1
1134,97,0.550764717030399,1
1135,260,0.961555836419145,0
1136,173,0.557509885444476,1
1137,259,0.817013255403245,1
1138,261,0.501474128866235,1
1139,182,0.760428569893057,1
1140,74,0.673591514286354,1
1141,52,0.664554108618366,0
1142,114,0.974143061219996,0
1143,364,0.87890550130462,1
1144,28,0.487189989227111,0
1145,65,0.713451041000591,0
1146,13,0,0
1147,345,0.827853466085679,1
1148,220,0.90553473408948,1
1149,267,0.749929027567735,1
1150,409,0.632825541279432,1
1151,316,0.730303871784106,1
1152,134,0.468426649268414,1
1153,159,0.535259224140669,1
1154,171,0.606383077351981,1
1155,112,0.431716825187987,1
1156,105,0.617321170506211,1
1157,121,0.398744353768863,1
1158,1603,0.958868881262872,0
1159,131,0.637167646431669,1
1160,134,0.49734529379532,1
1161,868,0.683623674373042,1
1162,395,0.987037122814864,0
1163,73,0.632073271381148,1
1164,47,0.473254904889903,0
1165,341,0.896498579955846,1
1166,45,0.599807939115205,0
1167,145,0.484853526691881,1
1168,156,0.511194321360687,1
1169,52,0.934828384553422,0
1170,129,0.405364779936205,1
1171,458,0.894224695802781,1
1172,175,0.780073821001529,1
1173,156,0.262879179220245,1
1174,220,0.674626208110087,1
1175,618,0.896212109153608,1
1176,149,0.605626474132493,1
1177,310,0.814635962460125,1
1178,64,0.828150796335762,0
1179,22,0.750829626801276,0
1180,77,0.886523881754923,0
1181,9,0.805076485899413,0
1182,18,0.397359707119513,0
1183,100,0.447909872020274,1
1184,136,0.488355211316074,1
1185,73,0.460763047015521,1
1186,737,0.485060467818853,1
1187,51,0.903550196792494,0
1188,183,0.381429665721809,1
1189,194,0.819249300871781,1
1190,21,0.521640530957301,0
1191,884,0.73721943188299,1
1192,83,0.693577470156188,0
1193,122,0.517981249619666,1
1194,415,0.882315446477405,1
1195,192,0.451391368826623,1
1196,78,0.898882221011038,0
1197,479,0.964516855019859,1
1198,165,0.594367461145797,1
1199,114,0.392417829310106,1
1200,2154,0.998360112293858,0
1201,18,0.397359707119513,0
1202,280,0.947373335644625,1
1203,18,0.707106781186548,0
1204,445,0.934119885066759,1
1205,178,0.859705077616603,1
1206,68,0.910957354334428,0
1207,113,0.56909365155683,1
1208,153,0.168132413937282,1
1209,493,0.940488725541072,1
1210,86,0.600938692905137,1
1211,871,0.596844013557344,1
1212,838,0.66647153337923,1
1213,290,0.895574899062223,1
1214,72,0.51106283509485,1
1215,171,0.332901324299892,1
1216,79,0.605261157040842,1
1217,157,0.4038224477805,1
1218,756,0.378420377149519,1
1219,86,0.424228484888298,1
1220,297,0.915267199911387,1
1221,216,0.813400169545507,1
1222,119,0.803223715111398,0
1223,189,0.924848227328451,1
1224,438,0.966440706524551,1
1225,146,0.977349952503005,0
1226,104,0.235081560162294,1
1227,21,0.521640530957301,0
1228,66,0.694426632896191,0
1229,196,0.533488009464577,1
1230,272,0.518917226040383,1
1231,329,0.57163574060099,1
1232,27,0.528109445257467,0
1233,278,0.898041185257308,1
1234,67,0.83851881120684,0
1235,484,0.635730766995111,1
1236,168,0.542385375997295,1
1237,85,0.900113588583373,0
1238,132,0.984429885317946,0
1239,322,0.874597637044583,1
1240,31,0.850607566567194,0
1241,190,0.592975459320131,1
1242,72,0.51127642001151,1
1243,146,0.29946458345188,1
1244,290,0.811964718885141,1
1245,593,0.594782406932242,1
1246,417,0.622398224363133,1
1247,189,0.915574753691107,1
1248,61,0.615554306325598,1
1249,131,0.566463423554859,1
1250,807,0.684000227286136,1
1251,102,0.836866157002017,0
1252,147,0.482004607054228,1
1253,192,0.55668594034733,1
1254,282,0.778606942642147,1
1255,63,0.630487518070425,1
1256,61,0.782046266432208,0
1257,104,0.859880927069686,0
1258,558,0.611897477315321,1
1259,132,0.485969698787634,1
1260,340,0.692604012997922,1
1261,911,0.877320659832099,1
1262,13,0,0
1263,26,0.764238219351265,0
1264,93,0.491729777869854,1
1265,141,0.464334795101468,1
1266,24,0.672497203155418,0
1267,328,0.768613599222689,1
1268,133,0.330728284030373,1
1269,18,0.397359707119513,0
1270,349,0.804641975362106,1
1271,140,0.61190151272992,1
1272,126,0.433469935251445,1
1273,268,0.891981900523597,1
1274,160,0.926757830194864,0
1275,76,0.518540033935546,1
1276,183,0.424125496028399,1
1277,486,0.78245558510766,1
1278,43,0.693620754045823,0
1279,114,0.533837294449273,1
1280,78,0.484006986160252,1
1281,24,0.672497203155418,0
1282,56,0.937154105328331,0
1283,24,0,0
1284,653,0.998133409507011,0
1285,967,0.640139269786422,1
1286,86,0.638361581770241,1
1287,193,0.441486424213712,1
1288,13,0,0
1289,189,0.760270919643298,1
1290,191,0.523407707656533,1
1291,191,0.592616119840845,1
1292,152,0.833954408117199,1
1293,95,0.387526041742835,1
1294,18,0.707106781186548,0
1295,95,0.470990016034768,1
1296,66,0.559279302124523,1
1297,393,0.895189189421896,1
1298,118,0.93432283726868,0
1299,77,0.908532424688834,0
1300,283,0.50468817193631,1
1301,96,0.657389269509555,1
1302,151,0.45849316701225,1
1303,322,0.84879571373862,1
1304,112,0.429710022326234,1
1305,1312,0.99675371223184,0
1306,13,0,0
1307,320,0.656930408713769,1
1308,41,0.962586841055614,0
1309,224,0.422269313558986,1
1310,88,0.512834535390034,1
1311,18,0.397359707119513,0
1312,179,0.556337998651493,1
1313,13,0,0
1314,61,0.968309226980625,0
1315,180,0.965533584994248,0
1316,171,0.510925690883391,1
1317,318,0.676585992028738,1
1318,18,0.707106781186548,0
1319,37,0.546095628558105,0
1320,325,0.722979986843473,1
1321,270,0.908814047492736,1
1322,182,0.203321647438726,1
1323,21,0.521640530957301,0
1324,13,0,0
1325,154,0.78284976123744,1
1326,351,0.844971677566274,1
1327,116,0.500510019849734,1
1328,136,0.425546511749421,1
1329,149,0.632717268774472,1
1330,699,0.262061119382014,1
1331,31,0.872836348909467,0
1332,141,0.564794075661313,1
1333,83,0.296679915391494,1
1334,240,0.445874811495986,1
1335,187,0.589303075161664,1
1336,132,0.54908427180618,1
1337,3537,0.993786874069022,0
1338,156,0.433716038729952,1
1339,13,0,0
1340,110,0.437743146369872,1
1341,36,0.707999616540821,0
1342,107,0.583649701432416,1
1343,798,0.668901457108064,1
1344,69,0.572240140847084,1
1345,64,0.661737168440791,0
1346,47,0.95066302108279,0
1347,53,0.790276038771088,0
1348,48,0.500170234472115,1
1349,296,0.705866452916862,1
1350,36,0.412458219343576,0
1351,994,0.928036096634141,1
1352,215,0.934168344166879,1
1353,90,0.620828734628379,1
1354,760,0.532749409931233,1
1355,294,0.85861633158734,1
1356,144,0.348965124811928,1
1357,42,0.931443084668334,0
1358,287,0.834166922112345,1
1359,369,0.826470570625262,1
1360,221,0.815117635451181,1
1361,149,0.691945916664836,1
1362,21,0.521640530957301,0
1363,31,0.873357581993992,0
1364,50,0.59160533535132,0
1365,124,0.4803335085374,1
1366,13,0,0
1367,119,0.733567735534043,1
1368,39,0.602754674391429,0
1369,38,0.83259670809366,0
1370,45,0.437878859818041,0
1371,1022,0.914049306173364,1
1372,179,0.585854468133096,1
1373,18,0.397359707119513,0
1374,108,0.624980142730796,1
1375,403,0.715925174479747,1
1376,115,0.992062286983463,0
1377,23,0.708664665903118,0
1378,80,0.373148307159153,1
1379,69,0.607251224977135,1
1380,110,0.266848023946437,1
1381,63,0.646447011388999,1
1382,75,0.826319217159573,0
1383,95,0.368810304290772,1
1384,201,0.604728808438082,1
1385,13,0,0
1386,156,0.725835451268197,1
1387,167,0.375909645631401,1
1388,109,0.395698835358445,1
1389,52,0.521102317624586,1
1390,146,0.870340199188121,1
1391,21,0.521640530957301,0
1392,1214,0.831559038243936,1
1393,216,0.362207561675774,1
1394,102,0.47565834742577,1
1395,386,0.927671994979836,1
1396,49,0.398972301963264,1
1397,565,0.857388894301006,1
1398,244,0.425155351574206,1
1399,34,0.720035361475769,0
1400,161,0.572463960534184,1
1401,206,0.841006446248415,1
1402,89,0.464789005611966,1
1403,33,0.89280393873573,0
1404,2582,0.992729928748105,0
1405,59,0.554868791678343,1
1406,214,0.57708788258545,1
1407,308,0.895890097102094,1
1408,132,0.535284127356377,1
1409,47,0.753723695483935,0
1410,41,0.933865061422137,0
1411,171,0.76103823518981,1
1412,23,0.708664665903118,0
1413,13,0,0
1414,240,0.52973983962964,1
1415,126,0.898592284998287,0
1416,219,0.624148256735105,1
1417,33,0.555303232948574,0
1418,144,0.486816373686389,1
1419,78,0.716394234246303,0
1420,80,0.392753047914283,1
1421,160,0.942513239833995,0
1422,294,0.894911128767382,1
1423,181,0.722064747190582,1
1424,13,0,0
1425,74,0.903773182103486,0
1426,436,0.669749061187758,1
1427,77,0.874059019582074,0
1428,13,0,0
1429,158,0.509675601064298,1
1430,88,0.482035973403472,1
1431,229,0.369728670789137,1
1432,41,0.732512331647807,0
1433,13,0,0
1434,352,0.883668097932881,1
1435,99,0.539988102530317,1
1436,210,0.507644210250971,1
1437,386,0.751222144213362,1
1438,111,0.529691838502871,1
1439,13,0,0
1440,54,0.705058660811989,0
1441,13,0,0
1442,70,0.981654856870263,0
1443,70,0.517637142892463,1
1444,13,0,0
1445,250,0.872507687516399,1
1446,1272,0.996019624255694,0
1447,13,0,0
1448,31,0.908310268010716,0
1449,190,0.609767848742031,1
1450,24,0.672497203155418,0
1451,268,0.91698247575159,1
1452,101,0.453807810719135,1
1453,21,0.521640530957301,0
1454,18,0.397359707119513,0
1455,117,0.210946018880325,1
1456,18,0.707106781186548,0
1457,46,0.445312532223143,0
1458,634,0.459203827410437,1
1459,144,0.714227292228925,1
1460,178,0.522278635716173,1
1461,113,0.828138424980516,0
1462,62,0.748970111993091,0
1463,70,0.803829523421277,0
1464,128,0.382365403889031,1
1465,156,0.433026044740239,1
1466,117,0.72034801900781,1
1467,36,0.786205734676568,0
1468,18,0.707106781186548,0
1469,212,0.845574150503669,1
1470,21,0.707106781186548,0
1471,108,0.744646479073171,1
1472,38,0.944911182523068,0
1473,131,0.357239004003518,1
1474,35,0.655465535777068,0
1475,92,0.959066708294901,0
1476,46,0.949645711767464,0
1477,87,0.56103678894239,1
1478,691,0.430852213547701,1
1479,77,0.931623350853042,0
1480,278,0.857511256086929,1
1481,81,0.560336042705551,1
1482,58,0.445037330023108,1
1483,131,0.47902969395192,1
1484,124,0.574253004963688,1
1485,13,0,0
1486,185,0.629333086822802,1
1487,351,0.791539519363391,1
1488,13,0,0
1489,814,0.478140538165945,1
1490,25,0,0
1491,165,0.646014759727693,1
1492,73,0.985610760609162,0
1493,122,0.593516168974078,1
1494,62,0.923110601694693,0
1495,94,0.862538488012846,0
1496,759,0.357774294873807,1
1497,18,0.707106781186548,0
1498,201,0.399791818062714,1
1499,184,0.780677922087166,1
1500,203,0.573409389792625,1
1501,296,0.733923931833891,1
1502,31,0.443831796658932,0
1503,13,0,0
1504,872,0.517982200901871,1
1505,325,0.762988406085187,1
1506,74,0.955020043325887,0
1507,18,0.707106781186548,0
1508,324,0.827857943334574,1
1509,13,0,0
1510,77,0.801941494874882,0
1511,66,0.770694736820416,0
1512,24,0,0
1513,13,0,0
1514,84,0.504033047698728,1
1515,32,0.861982055256856,0
1516,38,0.768691488313276,0
1517,28,0.894427190999916,0
1518,277,0.739968690620283,1
1519,151,0.681241781471241,1
1520,33,0.925820099772552,0
1521,253,0.792560659394281,1
1522,47,0.957533227284828,0
1523,134,0.490097835118321,1
1524,87,0.939762838925825,0
1525,18,0.397359707119513,0
1526,75,0.958074541866278,0
1527,293,0.658921821906745,1
1528,62,0.660761776658463,0
1529,87,0.494486221590611,1
1530,312,0.887641745572317,1
1531,154,0.367249610432567,1
1532,13,0,0
1533,745,0.44132147335923,1
1534,301,0.853181498684514,1
1535,16344,0.977434290420036,0
1536,782,0.348734395926192,1
1537,89,0.618120028715099,1
1538,189,0.405225574377261,1
1539,18,0.707106781186548,0
1540,97,0.770077430334607,0
1541,13,0,0
1542,143,0.809146564494047,1
1543,395,0.843914903946404,1
1544,23,0.836660026534076,0
1545,82,0.548828607410126,1
1546,441,0.920226891298701,1
1547,54,0.738873119233531,0
1548,62,0.971854263783025,0
1549,13,0,0
1550,300,0.851263467872317,1
1551,42,0.800044660845325,0
1552,27,0.709139162812026,0
1553,172,0.695700650362521,1
1554,28,0.894427190999916,0
1555,101,0.904780945501899,0
1556,406,0.823636867515038,1
1557,248,0.94589664819964,1
1558,463,0.832640480092061,1
1559,114,0.638308071795135,1
1560,28,0.74287866670403,0
1561,108,0.531636019518692,1
1562,42,0.7211211395598,0
1563,23,0.836660026534076,0
1564,47,0.593414881223443,0
1565,18,0.397359707119513,0
1566,168,0.835201386431423,1
1567,33,0.925820099772552,0
1568,93,0.650351301185407,1
1569,110,0.807094415971815,0
1570,191,0.592494478668127,1
1571,114,0.506040855067867,1
1572,223,0.981777415596709,0
1573,104,0.589631842692617,1
1574,13,0,0
1575,21,0.521640530957301,0
1576,45,0.73296092897316,0
1577,123,0.523304971389967,1
1578,18,0.707106781186548,0
1579,241,0.760809236354465,1
1580,18,0.397359707119513,0
1581,454,0.899131856598366,1
1582,75,0.331774997751905,1
1583,71,0.797364602608918,0
1584,35,0.490630443476211,0
1585,190,0.671068676267262,1
1586,21,0.521640530957301,0
1587,909,0.508885495773931,1
1588,515,0.985510336222726,0
1589,150,0.488447553482717,1
1590,828,0.452363078766415,1
1591,348,0.871719266561181,1
1592,13,0,0
1593,209,0.858508038049194,1
1594,70,0.514902446806386,1
1595,119,0.823346633516174,0
1596,155,0.367144777905294,1
1597,90,0.57883891653312,1
1598,243,0.550034141675327,1
1599,76,0.797018783387402,0
1600,18,0.707106781186548,0
1601,52,0.846365636192565,0
1602,13,0,0
1603,146,0.500740036094724,1
1604,92,0.29993499307466,1
1605,311,0.882704494323359,1
1606,243,0.663975138281272,1
1607,332,0.897507663312213,1
1608,13,0,0
1609,18,0.397359707119513,0
1610,153,0.827390284294123,1
1611,13,0,0
1612,239,0.728611844661341,1
1613,87,0.49469889837644,1
1614,164,0.361282591810974,1
1615,38,0.9032479303234,0
1616,2622,0.992055371400154,0
1617,13,0,0
1618,225,0.380420374642109,1
1619,23,0.708664665903118,0
1620,13,0,0
1621,24,0.424603887804223,0
1622,13,0,0
1623,13,0,0
1624,108,0.98170689453417,0
1625,111,0.818805683563819,0
1626,18,0.707106781186548,0
1627,13,0,0
1628,118,0.792512188798506,0
1629,241,0.987770050568098,0
1630,138,0.441502491918519,1
1631,169,0.812825082309057,1
1632,66,0.502205287940255,1
1633,18,0.707106781186548,0
1634,13,0,0
1635,18,0.397359707119513,0
1636,13,0,0
1637,13,0,0
1638,24,0.424603887804223,0
1639,101,0.785692347024429,0
1640,29,0.601038049812065,0
1641,18,0.397359707119513,0
1642,38,0.633591906374581,0
1643,13,0,0
1644,68,0.916956524059853,0
1645,27,0.528109445257467,0
1646,150,0.855512147265463,1
1647,130,0.734908175800065,1
1648,99,0.750973802042324,1
1649,1801,0.992690672250727,0
1650,23,0.588348405414552,0
1651,13,0,0
1652,18,0.397359707119513,0
1653,65,0.966038252501361,0
1654,18,0.397359707119513,0
1655,38,0.85215081259449,0
1656,32,0.814777196273859,0
1657,13,0,0
1658,255,0.895759788997397,1
1659,339,0.90735755374347,1
1660,379,0.984795029054484,0
1661,29,0.716353066215517,0
1662,118,0.872747984217565,0
1663,146,0.907089062044556,0
1664,31,0.810176241424466,0
1665,18,0.397359707119513,0
1666,13,0,0
1667,13,0,0
1668,41,0.918195594755373,0
1669,30,0.672378575892606,0
1670,93,0.788577552256693,0
1671,18,0.397359707119513,0
1672,13,0,0
1673,41,0.64603528764305,0
1674,21,0.521640530957301,0
1675,13,0,0
1676,23,0.708664665903118,0
1677,92,0.733038128178069,0
1678,58,0.949783603862719,0
1679,31,0.792066984826116,0
1680,13,0,0
1681,13,0,0
1682,18,0.707106781186548,0
1683,18,0.707106781186548,0
1684,115,0.891586165398962,0
1685,13,0,0
1686,26,0.764238219351265,0
1687,18,0.397359707119513,0
1688,93,0.985175973535346,0
1689,24,0.672497203155418,0
1690,106,0.841635639741378,0
1691,34,0.868987217797923,0
1692,13,0,0
1693,47,0.92485290187898,0
1694,13,0,0
1695,62,0.957806197324394,0
1696,25,0.887625364598595,0
1697,62,0.865580426415211,0
1698,23,0.588348405414552,0
1699,13,0,0
1700,18,0.397359707119513,0
1701,108,0.96759998678469,0
1702,18,0.397359707119513,0
1703,18,0.397359707119513,0
1704,23,0.588348405414552,0
1705,23,0.708664665903118,0
1706,50,0.930551403541228,0
1707,97,0.921367776769556,0
1708,30,0.897270799711573,0
1709,57,0.941438285629868,0
1710,56,0.821160321139996,0
1711,30,0.632455532033676,0
1712,35,0.910926579940751,0
1713,18,0.397359707119513,0
1714,13,0,0
1715,18,0.397359707119513,0
1716,228,0.984288872957359,0
1717,86,0.834418937447156,0
1718,81,0.969375612936738,0
1719,18,0.397359707119513,0
